{
    "recall_at_100": 0.33301960302931655,
    "loss": 1.3866372108459473
}