{
    "recall_at_100": 0.0010834236186348864,
    "loss": 1.3858826160430908
}