{
    "recall_at_100": 0.3546597000215262,
    "loss": 1.3859374523162842
}