{
    "recall_at_100": 0.6578947368421053,
    "loss": 1.3745466470718384
}