{
    "recall_at_100": 0.443859649122807,
    "loss": 1.375888705253601
}