{
    "recall_at_100": 0.7035087719298246,
    "loss": 1.3616929054260254
}