{
    "recall_at_100": 0.38103054667527714,
    "loss": 1.3859262466430664
}