{
    "recall_at_100": 0.35349136522643076,
    "loss": 1.3858973979949951
}