{
    "recall_at_100": 0.0015690962752643181,
    "loss": 1.3858826160430908
}