{
    "recall_at_100": 0.25867022156084657,
    "loss": 1.2871782779693604
}