{
    "recall_at_100": 0.2958498677248677,
    "loss": 1.6962628364562988
}