{
    "recall_at_100": 0.2976417824074074,
    "loss": 1.4829415082931519
}