{
    "recall_at_100": 0.13595079117505587,
    "loss": 1.1428180932998657
}