{
    "recall_at_100": 0.17342639204907007,
    "loss": 1.0866682529449463
}