{
    "recall_at_100": 0.16327747119581484,
    "loss": 1.0789803266525269
}