{
    "recall_at_100": 0.0012681452700879607,
    "loss": 1.3859138488769531
}