{
    "recall_at_100": 0.3641505383613203,
    "loss": 1.3838856220245361
}