{
    "recall_at_100": 0.36382857267388596,
    "loss": 1.3736010789871216
}