{
    "recall_at_100": 0.19172574326678163, 
    "loss": 1.0109995603561401
}