{
    "recall_at_100": 0.19162282846709572, 
    "loss": 1.0342926979064941
}