{
    "recall_at_100": 0.15600064666200436,
    "loss": 1.0376715660095215
}