{
    "recall_at_100": 0.18575675510538592,
    "loss": 1.0157545804977417
}