{
    "recall_at_100": 0.1727635873535975,
    "loss": 1.035189151763916
}