{
    "recall_at_100": 0.3644394365011169,
    "loss": 1.3836784362792969
}