{
    "recall_at_100": 0.3563478720836662,
    "loss": 1.3791369199752808
}