{
    "recall_at_100": 0.1287541339993987,
    "loss": 1.3859045505523682
}