{
    "recall_at_100": 0.20496736844767824, 
    "loss": 1.0492273569107056
}