{
    "recall_at_100": 0.1852946269557578,
    "loss": 1.0671623945236206
}