{
    "recall_at_100": 0.3684038507496497,
    "loss": 1.5555939674377441
}