{
    "recall_at_100": 0.2763565477747119,
    "loss": 1.274721622467041
}