{
    "recall_at_100": 0.30252419468179553,
    "loss": 1.5652318000793457
}