{
    "recall_at_100": 0.4612698412698413,
    "loss": 1.3633497953414917
}