{
    "recall_at_100": 0.005258215962441314,
    "loss": 1.3859056234359741
}