{
    "recall_at_100": 0.3273840849399373,
    "loss": 1.391186237335205
}