{
    "recall_at_100": 0.33042706726655247,
    "loss": 1.3859251737594604
}