{
    "recall_at_100": 0.13884958875640924,
    "loss": 1.0557515621185303
}