{
    "recall_at_100": 0.15571547693910776,
    "loss": 1.1594352722167969
}