{
    "recall_at_100": 0.16028440249161777,
    "loss": 1.0448100566864014
}