{
    "recall_at_100": 0.21672663978178683,
    "loss": 1.079061508178711
}