{
    "recall_at_100": 0.26395578006797044,
    "loss": 1.3975939750671387
}