{
    "recall_at_100": 0.31097545336860544,
    "loss": 1.3890093564987183
}