{
    "recall_at_100": 0.32470561654631586,
    "loss": 1.3958935737609863
}