{
    "recall_at_100": 0.3240120701058201,
    "loss": 0.9709118604660034
}