{
    "recall_at_100": 0.32860863095238096,
    "loss": 0.9395238757133484
}