{
    "recall_at_100": 0.1947053265362089,
    "loss": 0.9897691011428833
}