{
    "recall_at_100": 0.21600290193241511,
    "loss": 1.0153212547302246
}