{
    "recall_at_100": 0.1761149018605915,
    "loss": 1.0997874736785889
}