{
    "recall_at_100": 0.18195888428114593,
    "loss": 1.012878656387329
}