{
    "recall_at_100": 0.1717791040799408,
    "loss": 1.0303919315338135
}