{
    "recall_at_100": 0.20219981900002182,
    "loss": 0.9948636293411255
}