{
    "recall_at_100": 0.3339264959043978,
    "loss": 1.3848134279251099
}