{
    "recall_at_100": 0.30143104426737255,
    "loss": 1.3758034706115723
}