{
    "recall_at_100": 0.36058016534218573,
    "loss": 1.383225917816162
}