{
    "norm_weight": {
        "all": {
            "mean": 0.046297087609196215,
            "median": 0.01905014371925729,
            "std": 0.12643935388432098
        },
        "target": {
            "mean": 0.10898323313357415,
            "median": 0.037927002779722954,
            "std": 0.1858858799271381
        },
        "not_target": {
            "mean": 0.039129253341947626,
            "median": 0.018487800259319037,
            "std": 0.11559934564168145
        }
    },
    "frac_targets": {
        "top": 0.336,
        "bottom": 0.09706985800446408,
        "pvalue": 6.435228672481076e-25
    }
}