{
    "recall_at_100": 0.2037770293994939,
    "loss": 0.9911938309669495
}