,disease_mean_common_interactor_score,disease_mean_frac_direct_interactions,disease_size,pvalue_mean_common_interactor_score,pvalue_mean_frac_direct_interactions
count,8.0,8.0,8.0,8.0,8.0
mean,0.05900595186940365,0.6053582299208566,14.75,0.00155,0.0611375
std,0.032319681610168204,0.10521394939599006,6.2048368229954285,0.002370051235130341,0.07264439684419674
min,0.030265487119827985,0.5,10.0,0.0,0.0
25%,0.03671823625819942,0.5356643356643357,11.0,0.0,0.00635
50%,0.056690052024316304,0.5568144499178982,12.5,0.00035,0.0278
75%,0.06195724718819728,0.668081550802139,15.5,0.002375,0.110375
max,0.1314564454270942,0.8,29.0,0.0068,0.1972
< 0.05,,,,1.0,0.625
