,disease_mean_common_interactor_score,disease_mean_frac_direct_interactions,disease_size,pvalue_mean_common_interactor_score,pvalue_mean_frac_direct_interactions
count,1.0,1.0,1.0,1.0,1.0
mean,0.049652304950458206,0.29090909090909095,11.0,0.0,0.7053
std,,,,,
min,0.049652304950458206,0.29090909090909095,11.0,0.0,0.7053
25%,0.049652304950458206,0.29090909090909095,11.0,0.0,0.7053
50%,0.049652304950458206,0.29090909090909095,11.0,0.0,0.7053
75%,0.049652304950458206,0.29090909090909095,11.0,0.0,0.7053
max,0.049652304950458206,0.29090909090909095,11.0,0.0,0.7053
< 0.05,,,,1.0,0.0
