,disease_mean_common_interactor_score,disease_mean_frac_direct_interactions,disease_size,pvalue_mean_common_interactor_score,pvalue_mean_frac_direct_interactions
count,3.0,3.0,3.0,3.0,3.0
mean,0.1256787312771486,0.588460290742238,48.333333333333336,0.0,0.043333333333333335
std,0.06222718588783375,0.21584571722208357,59.54270176380421,0.0,0.07505553499465135
min,0.06589299441295335,0.34733274388446805,11.0,0.0,0.0
25%,0.0934734448815448,0.5008722542951752,14.0,0.0,0.0
50%,0.12105389535013623,0.6544117647058824,17.0,0.0,0.0
75%,0.15557159970924622,0.709024064171123,67.0,0.0,0.065
max,0.1900893040683562,0.7636363636363637,117.0,0.0,0.13
< 0.05,,,,1.0,0.6666666666666666
