{
    "recall_at_100": 0.21391225849314086,
    "loss": 1.114719271659851
}