{
    "recall_at_100": 0.18553903384197504,
    "loss": 1.2905099391937256
}