{
    "recall_at_100": 0.1970289874341345,
    "loss": 1.079887866973877
}