{
    "recall_at_100": 0.18093610188830778,
    "loss": 0.9889191389083862
}