{
    "recall_at_100": 0.20219952965110166,
    "loss": 1.1185529232025146
}