{
    "recall_at_100": 0.3251428571428572,
    "loss": 1.2819457054138184
}