{
    "recall_at_100": 0.15305332517855205,
    "loss": 1.0817950963974
}