{
    "recall_at_100": 0.2002886002886003,
    "loss": 1.202194333076477
}