{
    "recall_at_100": 0.19074675324675325,
    "loss": 1.2216136455535889
}