{
    "recall_at_100": 0.2570891203703704,
    "loss": 1.0646893978118896
}