{
    "recall_at_100": 0.255859375,
    "loss": 1.0403025150299072
}