{
    "recall_at_100": 0.24446097883597884,
    "loss": 1.0841333866119385
}