{
    "recall_at_100": 0.14945677526496493,
    "loss": 1.097082495689392
}