{
    "recall_at_100": 0.12902216413854345,
    "loss": 1.3226864337921143
}