{
    "recall_at_100": 0.12812073270296953,
    "loss": 1.0735968351364136
}