{
    "recall_at_100": 0.19175146178759264,
    "loss": 1.006701111793518
}