{
    "recall_at_100": 0.17831788924676858,
    "loss": 1.0047271251678467
}