{
    "recall_at_100": 0.14293474101266748,
    "loss": 1.1528421640396118
}