{
    "recall_at_100": 0.28674148478835976,
    "loss": 1.3862799406051636
}