{
    "recall_at_100": 0.25580563822751323,
    "loss": 1.3917765617370605
}