{
    "recall_at_100": 0.003406084656084656,
    "loss": 1.386077642440796
}