{
    "recall_at_100": 0.15522908343065545,
    "loss": 1.0548641681671143
}