{
    "recall_at_100": 0.161113006274771,
    "loss": 1.0804020166397095
}