{
    "recall_at_100": 0.16792426530535048,
    "loss": 1.0265480279922485
}