{
    "recall_at_100": 0.3804990805427911,
    "loss": 1.3505980968475342
}