{
    "recall_at_100": 0.2961056213496719,
    "loss": 1.3596889972686768
}