{
    "recall_at_100": 0.36937472313990044,
    "loss": 1.346307396888733
}