{
    "recall_at_100": 0.34251433445945345,
    "loss": 1.5532140731811523
}