{
    "recall_at_100": 0.3683189203004647,
    "loss": 2.0092387199401855
}