{
    "recall_at_100": 0.36874620846208994,
    "loss": 1.7834182977676392
}