{
    "recall_at_100": 0.37983823957597634,
    "loss": 0.9916791915893555
}