{
    "recall_at_100": 0.3394017509121929,
    "loss": 0.9499688148498535
}