{
    "recall_at_100": 0.36211476788820157,
    "loss": 1.2863850593566895
}