{
    "recall_at_100": 0.2022331023016875,
    "loss": 0.9941434264183044
}