{
    "recall_at_100": 0.2930886243386243,
    "loss": 1.548504114151001
}