{
    "recall_at_100": 0.24440517526455027,
    "loss": 1.39332115650177
}