{
    "recall_at_100": 0.28174809854497357,
    "loss": 2.019099712371826
}