{
    "recall_at_100": 0.308891369047619,
    "loss": 1.4989252090454102
}