{
    "recall_at_100": 0.2891761739417989,
    "loss": 1.8145524263381958
}