{
    "recall_at_100": 0.24969204695767191,
    "loss": 1.3722530603408813
}