{
    "recall_at_100": 0.30394450552415586,
    "loss": 1.3852050304412842
}