{
    "recall_at_100": 0.3772050383645818,
    "loss": 1.4874200820922852
}