{
    "recall_at_100": 0.3581451233187513,
    "loss": 1.6640267372131348
}