{
    "recall_at_100": 0.2944406936757592,
    "loss": 1.3726351261138916
}