{
    "recall_at_100": 0.2246619445526682,
    "loss": 1.1440998315811157
}