{
    "recall_at_100": 0.005516431924882628,
    "loss": 1.3997193574905396
}