{
    "recall_at_100": 0.1848776064762373,
    "loss": 1.079586386680603
}