{
    "recall_at_100": 0.15017894864163936,
    "loss": 1.0234529972076416
}