{
    "recall_at_100": 0.16729981094801075,
    "loss": 1.0128427743911743
}