{
    "recall_at_100": 0.19565166083916083,
    "loss": 1.1527067422866821
}