{
    "recall_at_100": 0.2513930224867725,
    "loss": 1.3859703540802002
}