{
    "recall_at_100": 0.2906808035714286,
    "loss": 1.3860392570495605
}