{
    "recall_at_100": 0.006655092592592592,
    "loss": 1.4105459451675415
}