{
    "recall_at_100": 0.21478609058565953,
    "loss": 1.0177284479141235
}