{
    "recall_at_100": 0.19301805752845305,
    "loss": 1.1184816360473633
}