{
    "recall_at_100": 0.41325904439309,
    "loss": 0.8818883895874023
}