{
    "recall_at_100": 0.3785298335844717,
    "loss": 0.8216952085494995
}