{
    "recall_at_100": 0.3852760032046093,
    "loss": 0.9015167951583862
}