{
    "recall_at_100": 0.24674685846560843,
    "loss": 1.1745433807373047
}