{
    "recall_at_100": 0.3348606977513227,
    "loss": 1.1254703998565674
}