{
    "recall_at_100": 0.33113839285714286,
    "loss": 1.0403742790222168
}