{
    "recall_at_100": 0.17746436408137725,
    "loss": 1.0344839096069336
}