{
    "recall_at_100": 0.1600143039713273,
    "loss": 1.0465291738510132
}