{
    "recall_at_100": 0.1714818237599678,
    "loss": 1.0069875717163086
}