{
    "recall_at_100": 0.17230825796076807,
    "loss": 1.0005724430084229
}