{
    "recall_at_100": 0.16517377271421388,
    "loss": 1.0308823585510254
}