{
    "recall_at_100": 0.16922970169902218,
    "loss": 1.0457972288131714
}