{
    "recall_at_100": 0.11947028139485036,
    "loss": 1.1465870141983032
}