{
    "recall_at_100": 0.4057017543859649,
    "loss": 1.3106571435928345
}