{
    "recall_at_100": 0.20614035087719298,
    "loss": 1.2883614301681519
}