{
    "recall_at_100": 0.3508771929824561,
    "loss": 1.3808947801589966
}