{
    "loss": 1.0694878101348877,
    "recall_at_100": 0.18739869118434244
}