{
    "loss": 1.0630149841308594,
    "recall_at_100": 0.18683279786631743
}