{
    "recall_at_100": 0.16250888000888003,
    "loss": 1.0687940120697021
}