{
    "recall_at_100": 0.20505127078803548,
    "loss": 1.0796443223953247
}