{
    "recall_at_100": 0.19931988641851725,
    "loss": 1.0158107280731201
}