{
    "recall_at_100": 0.0015625000000000003,
    "loss": 1.3860772848129272
}