{
    "recall_at_100": 0.27728174603174605,
    "loss": 1.3859561681747437
}