{
    "recall_at_100": 0.27434895833333334,
    "loss": 1.3864184617996216
}