{
    "recall_at_100": 0.19679439484126982,
    "loss": 1.1904194355010986
}