{
    "recall_at_100": 0.2597594246031746,
    "loss": 1.3855570554733276
}