{
    "recall_at_100": 0.2763227513227513,
    "loss": 1.3856008052825928
}