{
    "recall_at_100": 0.18587478255911322,
    "loss": 1.0081400871276855
}