{
    "recall_at_100": 0.18811503858435905,
    "loss": 1.0882397890090942
}