{
    "recall_at_100": 0.1891770313161033,
    "loss": 1.0530873537063599
}