{
    "recall_at_100": 0.15683015799559918,
    "loss": 1.104997992515564
}