{
    "recall_at_100": 0.15238065031610856,
    "loss": 1.0847724676132202
}