{
    "recall_at_100": 0.401047619047619,
    "loss": 1.3820805549621582
}