{
    "recall_at_100": 0.1643724804888598,
    "loss": 1.0780837535858154
}