{
    "recall_at_100": 0.1369204077331802,
    "loss": 1.1206735372543335
}