{
    "recall_at_100": 0.1771964629071627,
    "loss": 1.1389620304107666
}