{
    "recall_at_100": 0.15745184556822486,
    "loss": 1.1474146842956543
}