{
    "recall_at_100": 0.26754341255312597,
    "loss": 1.3855035305023193
}