{
    "recall_at_100": 0.3658562708404865,
    "loss": 1.3852510452270508
}