{
    "recall_at_100": 0.355085597581955,
    "loss": 1.3855252265930176
}