{
    "recall_at_100": 0.20936168341462458,
    "loss": 1.0604267120361328
}