{
    "recall_at_100": 0.22582281876620114,
    "loss": 1.073822021484375
}