{
    "recall_at_100": 0.1643970971838619,
    "loss": 1.0068176984786987
}