{
    "recall_at_100": 0.18032688148002549,
    "loss": 1.045242428779602
}