{
    "recall_at_100": 0.34917600949048244,
    "loss": 1.3859102725982666
}