{
    "recall_at_100": 0.010034910316600459,
    "loss": 1.3859200477600098
}