{
    "recall_at_100": 0.3629455735295949,
    "loss": 1.3858907222747803
}