{
    "recall_at_100": 0.1387219731015103,
    "loss": 1.1120898723602295
}