{
    "recall_at_100": 0.1508381203958868,
    "loss": 1.043910264968872
}