{
    "recall_at_100": 0.17311913171345217,
    "loss": 1.0267168283462524
}