{
    "recall_at_100": 0.3522961553583215,
    "loss": 1.4160051345825195
}