{
    "recall_at_100": 0.35040959876559674,
    "loss": 1.6388952732086182
}