{
    "recall_at_100": 0.3022664990829148,
    "loss": 1.3858757019042969
}