{
    "recall_at_100": 0.2990486617553366,
    "loss": 1.1905008554458618
}