{
    "recall_at_100": 0.1609723860403802,
    "loss": 1.1957180500030518
}