{
    "recall_at_100": 0.30291813954757124,
    "loss": 1.4202334880828857
}