{
    "recall_at_100": 0.20970261682761682,
    "loss": 1.0687845945358276
}