{
    "recall_at_100": 0.19347650470444588,
    "loss": 1.0518946647644043
}