{
    "recall_at_100": 0.2995866534307525,
    "loss": 0.9557846784591675
}