{
    "recall_at_100": 0.3905155779949369,
    "loss": 0.8538318872451782
}