{
    "recall_at_100": 0.4168100942821681,
    "loss": 0.9323176145553589
}