{
    "recall_at_100": 0.18292162985481952,
    "loss": 1.034674882888794
}