{
    "recall_at_100": 0.29134631283068785,
    "loss": 1.1908142566680908
}