{
    "recall_at_100": 0.2620515046296296,
    "loss": 1.051888108253479
}