{
    "recall_at_100": 0.2831803902116402,
    "loss": 1.3039133548736572
}