{
    "test": "ttest_ind",
    "statistic": 10.59099244721878,
    "pvalue": 3.300514993630625e-26,
    "mi_mean": 0.013276332636004801,
    "adj_mean": 0.011278498620081418
}