{
    "test": "ttest_rel",
    "statistic": 10.584541864873394,
    "pvalue": 3.5569048558158726e-26,
    "mi_mean": 0.013276332636004801,
    "adj_mean": 0.011278498620081418
}