{
    "recall_at_100": 0.18756976970516526,
    "loss": 1.2782163619995117
}