{
    "test": "ttest_ind",
    "statistic": 6.432586263970806,
    "pvalue": 1.256454197928381e-10,
    "mi_mean": 0.020826467662668505,
    "adj_mean": 0.01867940180063773
}