{
    "test": "ttest_rel",
    "statistic": 6.4284518721737065,
    "pvalue": 1.2930931315132447e-10,
    "mi_mean": 0.020826467662668505,
    "adj_mean": 0.01867940180063773
}