{
    "recall_at_100": 0.3628770664066925,
    "loss": 1.548281192779541
}