{
    "recall_at_100": 0.31841604000661794,
    "loss": 1.0175946950912476
}