{
    "recall_at_100": 0.32617548942342534,
    "loss": 1.7940940856933594
}