{
    "norm_weight": {
        "all": {
            "mean": 0.046297087609196215,
            "median": 0.01905014371925729,
            "std": 0.12643935388432098
        },
        "target": {
            "mean": 0.07767503140960627,
            "median": 0.02037503384053707,
            "std": 0.1634200166301472
        },
        "not_target": {
            "mean": 0.03794204653499162,
            "median": 0.01881305182268994,
            "std": 0.11314030248033469
        }
    },
    "frac_targets": {
        "top": 0.448,
        "bottom": 0.20463503822956736,
        "pvalue": 7.778734195243265e-26
    }
}