{
    "recall_at_100": 0.1742705590281388,
    "loss": 0.9876369833946228
}