{
    "recall_at_100": 0.19339273598274612,
    "loss": 1.1993330717086792
}