{
    "recall_at_100": 0.16322751322751325,
    "loss": 1.3857040405273438
}