{
    "recall_at_100": 0.28799809854497355,
    "loss": 1.6955857276916504
}