{
    "recall_at_100": 0.2559833829365079,
    "loss": 1.3852444887161255
}