{
    "recall_at_100": 0.19726369261232346,
    "loss": 1.2398979663848877
}