{
    "recall_at_100": 0.1972702612352714,
    "loss": 1.0287173986434937
}