{
    "recall_at_100": 0.24267634942812427,
    "loss": 1.0146961212158203
}