{
    "recall_at_100": 0.23220176677897264,
    "loss": 0.9889103174209595
}