{
    "recall_at_100": 0.1799131930161342,
    "loss": 1.02549147605896
}