{
    "recall_at_100": 0.2684149988497814,
    "loss": 1.18634831905365
}