{
    "recall_at_100": 0.23882562686910513,
    "loss": 1.1985931396484375
}