{
    "recall_at_100": 0.26426846100759144,
    "loss": 1.2621444463729858
}