{
    "recall_at_100": 0.14854760913439788,
    "loss": 1.0751444101333618
}