{
    "recall_at_100": 0.14735219554741547,
    "loss": 1.1031959056854248
}