{
    "recall_at_100": 0.30183945105820104,
    "loss": 1.3984049558639526
}