{
    "recall_at_100": 0.25693824404761906,
    "loss": 1.4815130233764648
}