{
    "recall_at_100": 0.32808986441798943,
    "loss": 1.5112314224243164
}