{
    "recall_at_100": 0.12663690476190476,
    "loss": 1.3860758543014526
}