{
    "recall_at_100": 0.005338541666666666,
    "loss": 1.4010095596313477
}