{
    "recall_at_100": 0.24668072089947088,
    "loss": 1.3848364353179932
}