{
    "recall_at_100": 0.14909581342147132,
    "loss": 1.3894379138946533
}