{
    "recall_at_100": 0.15160455641995887,
    "loss": 1.1329089403152466
}