{
    "recall_at_100": 0.12399080496075932,
    "loss": 1.0922207832336426
}