{
    "recall_at_100": 0.1558415555892336,
    "loss": 1.039637565612793
}