,disease_size,pvalue_mean_frac_direct_interactions,disease_mean_frac_direct_interactions,pvalue_mean_common_interactor_score,disease_mean_common_interactor_score
count,1.0,1.0,1.0,1.0,1.0
mean,11.0,0.0718,0.2,0.0,0.07341064934380072
std,,,,,
min,11.0,0.0718,0.2,0.0,0.07341064934380072
25%,11.0,0.0718,0.2,0.0,0.07341064934380072
50%,11.0,0.0718,0.2,0.0,0.07341064934380072
75%,11.0,0.0718,0.2,0.0,0.07341064934380072
max,11.0,0.0718,0.2,0.0,0.07341064934380072
< 0.05,,0.0,,1.0,
