{
    "recall_at_100": 0.20180782129184763,
    "loss": 0.9824392199516296
}