{
    "recall_at_100": 0.19114645855327905,
    "loss": 1.024274468421936
}