{
    "recall_at_100": 0.1493249931346471,
    "loss": 1.0928399562835693
}