{
    "recall_at_100": 0.15305861886221792,
    "loss": 1.1220040321350098
}