{
    "recall_at_100": 0.15279457411161132,
    "loss": 1.0563613176345825
}