{
    "recall_at_100": 0.008382936507936508,
    "loss": 1.3860772848129272
}