{
    "recall_at_100": 0.0016203703703703703,
    "loss": 1.3860769271850586
}