{
    "recall_at_100": 0.00882316468253968,
    "loss": 1.3860763311386108
}