{
    "recall_at_100": 0.16255695845691975,
    "loss": 1.104692816734314
}