{
    "recall_at_100": 0.3601405619096245,
    "loss": 1.3504605293273926
}