{
    "recall_at_100": 0.2307367606760516,
    "loss": 1.2155653238296509
}