{
    "recall_at_100": 0.3432342744945949,
    "loss": 1.525003433227539
}