{
    "recall_at_100": 0.1706708659128791,
    "loss": 1.0112847089767456
}