{
    "recall_at_100": 0.19485364432727514,
    "loss": 0.9868991374969482
}