{
    "recall_at_100": 0.17236435177117226,
    "loss": 1.0118778944015503
}