{
    "recall_at_100": 0.141582705900377,
    "loss": 1.0713574886322021
}