{
    "recall_at_100": 0.289442791005291,
    "loss": 1.3862717151641846
}