{
    "recall_at_100": 0.24117270171957672,
    "loss": 1.3858728408813477
}