{
    "recall_at_100": 0.28470568783068784,
    "loss": 1.4773823022842407
}