{
    "recall_at_100": 0.30332225913621264,
    "loss": 1.0129635334014893
}