{
    "recall_at_100": 0.3179401993355482,
    "loss": 0.990807294845581
}