{
    "recall_at_100": 0.24889565645379597,
    "loss": 1.0131176710128784
}