{
    "recall_at_100": 0.4812983312983313,
    "loss": 1.0863163471221924
}