{
    "recall_at_100": 0.4582417582417582,
    "loss": 1.2510247230529785
}