{
    "recall_at_100": 0.37146927146927144,
    "loss": 1.0399832725524902
}