{
    "recall_at_100": 0.294479580026455,
    "loss": 1.3852760791778564
}