{
    "recall_at_100": 0.2724475033068783,
    "loss": 1.3848427534103394
}