{
    "recall_at_100": 0.0069940476190476185,
    "loss": 1.386077880859375
}