{
    "recall_at_100": 0.2571387235449736,
    "loss": 1.0187190771102905
}