{
    "recall_at_100": 0.25475777116402115,
    "loss": 1.0162956714630127
}