{
    "recall_at_100": 0.25793857473544973,
    "loss": 1.0303720235824585
}