{
    "norm_weight": {
        "all": {
            "mean": 0.046297087609196215,
            "median": 0.01905014371925729,
            "std": 0.12643935388432098
        },
        "target": {
            "mean": 0.0685163657260583,
            "median": 0.018142021398254386,
            "std": 0.15579819623183355
        },
        "not_target": {
            "mean": 0.04225212388994512,
            "median": 0.019421240595679342,
            "std": 0.11988409527949778
        }
    },
    "frac_targets": {
        "top": 0.272,
        "bottom": 0.15120862421047632,
        "pvalue": 1.0995139465330812e-06
    }
}