{
    "recall_at_100": 0.20728848320937568,
    "loss": 1.04006826877594
}