{
    "recall_at_100": 0.16548564140108257,
    "loss": 1.0064735412597656
}