{
    "recall_at_100": 0.2708333333333333,
    "loss": 1.3849081993103027
}