{
    "test": "ttest_ind",
    "statistic": 3.8839061608281407,
    "pvalue": 0.00010280134774894754,
    "mi_mean": 0.012456515623780928,
    "adj_mean": 0.01180212658399812
}