{
    "test": "ttest_rel",
    "statistic": 3.884874517327992,
    "pvalue": 0.00010240220498521762,
    "mi_mean": 0.012456515623780928,
    "adj_mean": 0.01180212658399812
}