{
    "recall_at_100": 0.14327344853085502,
    "loss": 1.371802806854248
}