{
    "recall_at_100": 0.3490403517479768,
    "loss": 1.3678603172302246
}