{
    "recall_at_100": 0.3656070211424751,
    "loss": 1.373979091644287
}