{
    "recall_at_100": 0.12998925264550265,
    "loss": 1.3860560655593872
}