{
    "recall_at_100": 0.25521246693121696,
    "loss": 1.3859187364578247
}