{
    "recall_at_100": 0.2864604001322751,
    "loss": 1.3857078552246094
}