{
    "recall_at_100": 0.20448060264898502,
    "loss": 1.1420464515686035
}