{
    "recall_at_100": 0.14793904301130467,
    "loss": 1.1454331874847412
}