{
    "recall_at_100": 0.15043066193843949,
    "loss": 1.030288815498352
}