{
    "recall_at_100": 0.1887956023016875,
    "loss": 0.9988645315170288
}