{
    "recall_at_100": 0.15734825032469177,
    "loss": 1.0241204500198364
}