{
    "recall_at_100": 0.15218156413778267,
    "loss": 1.0803898572921753
}