{
    "recall_at_100": 0.16805678591002401,
    "loss": 1.1586989164352417
}