{
    "recall_at_100": 0.28229993386243385,
    "loss": 1.092320203781128
}