{
    "recall_at_100": 0.29427496693121696,
    "loss": 1.0176787376403809
}