{
    "recall_at_100": 0.2853732638888889,
    "loss": 0.9699388742446899
}