{
    "recall_at_100": 0.0030154596560846556,
    "loss": 1.3860760927200317
}