{
    "recall_at_100": 0.3060226521164021,
    "loss": 1.8306642770767212
}