{
    "recall_at_100": 0.28583209325396824,
    "loss": 1.381255865097046
}