{
    "recall_at_100": 0.2244272368665278,
    "loss": 1.0945219993591309
}