{
    "recall_at_100": 0.328971814974729,
    "loss": 1.3005295991897583
}