{
    "recall_at_100": 0.3288075876419732,
    "loss": 1.3209583759307861
}