{
    "recall_at_100": 0.12770028124299102,
    "loss": 1.1167194843292236
}