{
    "recall_at_100": 0.006510416666666667,
    "loss": 1.3860766887664795
}