{
    "recall_at_100": 0.2480241402116402,
    "loss": 1.3983979225158691
}