{
    "recall_at_100": 0.25134548611111107,
    "loss": 1.3980991840362549
}