{
    "recall_at_100": 0.16230421829128727,
    "loss": 1.0616079568862915
}