{
    "recall_at_100": 0.16868911577820722, 
    "loss": 1.0301605463027954
}