{
    "recall_at_100": 0.1613039599289599,
    "loss": 1.033155083656311
}