{
    "recall_at_100": 0.30771784904437965,
    "loss": 1.1413416862487793
}