{
    "recall_at_100": 0.3938937479753806,
    "loss": 1.3720837831497192
}