{
    "recall_at_100": 0.3708778749595076,
    "loss": 1.3836420774459839
}