{
    "recall_at_100": 0.2661334325396825,
    "loss": 1.3832374811172485
}