{
    "recall_at_100": 0.17891658399470897,
    "loss": 1.2676749229431152
}