{
    "recall_at_100": 0.2750392691798942,
    "loss": 1.3740378618240356
}