{
    "recall_at_100": 0.28934666205307297,
    "loss": 0.9622080326080322
}