{
    "recall_at_100": 0.35279165109232463,
    "loss": 1.501210331916809
}