{
    "recall_at_100": 0.33406329073764723,
    "loss": 1.347304344177246
}