{
    "recall_at_100": 0.000744047619047619,
    "loss": 1.3860771656036377
}