{
    "recall_at_100": 0.28018559854497355,
    "loss": 1.391864538192749
}