{
    "recall_at_100": 0.27389219576719576,
    "loss": 1.421251654624939
}