{
    "recall_at_100": 0.0601479828042328,
    "loss": 1.3989009857177734
}