{
    "recall_at_100": 0.151932457010582,
    "loss": 1.3860753774642944
}