{
    "recall_at_100": 0.0006510416666666666,
    "loss": 1.3860766887664795
}