{
    "recall_at_100": 0.15302464896214896,
    "loss": 1.1332249641418457
}