{
    "recall_at_100": 0.13490536224537236,
    "loss": 1.1223273277282715
}