{
    "test": "ttest_ind",
    "statistic": 16.055680647576434,
    "pvalue": 5.968212317139969e-58,
    "mi_mean": 0.008811414816040475,
    "adj_mean": 0.0037057968986399614
}