{
    "test": "ttest_rel",
    "statistic": 16.052337575434937,
    "pvalue": 7.202147084923978e-58,
    "mi_mean": 0.008811414816040475,
    "adj_mean": 0.0037057968986399614
}