{
    "recall_at_100": 0.001736111111111111,
    "loss": 1.3860774040222168
}