{
    "recall_at_100": 0.258151455026455,
    "loss": 1.3862119913101196
}