{
    "recall_at_100": 0.0026041666666666665,
    "loss": 1.3900080919265747
}