{
    "recall_at_100": 0.15421644412326463,
    "loss": 1.2156352996826172
}