{
    "recall_at_100": 0.1786717200424097,
    "loss": 1.0458077192306519
}