{
    "recall_at_100": 0.19508840061223431,
    "loss": 1.0070058107376099
}