{
    "recall_at_100": 0.20624875903057951,
    "loss": 1.1846809387207031
}