{
    "recall_at_100": 0.1766203171968892,
    "loss": 0.993727445602417
}