{
    "recall_at_100": 0.20505478716685613,
    "loss": 0.9962961077690125
}