{
    "recall_at_100": 0.18774045566502465,
    "loss": 1.0815178155899048
}