{
    "recall_at_100": 0.3260633873977731,
    "loss": 0.9915686845779419
}