{
    "recall_at_100": 0.3318327234257297,
    "loss": 0.9550877213478088
}