{
    "recall_at_100": 0.3413430420424106,
    "loss": 0.9548789262771606
}