{
    "recall_at_100": 0.18022702790223075,
    "loss": 1.2298623323440552
}