{
    "recall_at_100": 0.15760896700954466, 
    "loss": 1.1019293069839478
}